{
    "node_A": {
        "kind": "node",
        "module": "models.source",
        "class": "Source",
        "steady_state": true,
        "specifications": {
            "w": 3859
        },
        "parameters": {
            "Text": 284.72999999999996,
            "Pext": 200305.69737277098,
            "x": 0.0,
            "y": 0.0,
            "z": 0.0
        },
        "initial_guess": {
            "w": 3859,
            "P": 200305.69737277098,
            "T": 284.72999999999996
        }
    },
    "pipe_1": {
        "kind": "edge",
        "module": "models.pipe",
        "class": "Pipe",
        "from": "node_A",
        "to": "node_B",
        "domains": {
            "x": {
                "initial": 0.0,
                "final": 1.0,
                "N": 5
            }
        },
        "states": {},
        "parameters": {
            "Di": 0.9914941983496781,
            "L": 50,
            "epw": 5e-06,
            "Kub": 0.0,
            "Klb": 0.0,
            "Npipes": 1,
            "tetha": 0
        },
        "steady_state": false,
        "specifications": {},
        "initial_guess": {
            "D": [
                0.9914941983496781,
                0.9914941983496781,
                0.9914941983496781,
                0.9914941983496781,
                0.9914941983496781
            ],
            "v": [
                5.015967627713622,
                5.015967627713622,
                5.015967627713622,
                5.015967627713622,
                5.015967627713622
            ],
            "fD": [
                0.00961494124340911,
                0.00961494124340911,
                0.00961494124340911,
                0.00961494124340911,
                0.00961494124340911
            ],
            "k": 3859,
            "H": [
                4607242568.111757,
                4607248683.943405,
                4607254799.775053,
                4607260915.606702,
                4607267031.43835
            ],
            "T": [
                284.72999999999996,
                284.72999999999996,
                284.72999999999996,
                284.72999999999996,
                284.72999999999996
            ],
            "P": [
                200305.69737277098,
                198781.3622277186,
                197257.02708266623,
                195732.69193761382,
                194208.35679256145
            ],
            "dPlb": 0.0,
            "dPub": 0.0,
            "Qout": 0.0,
            "Qtotal": 0.0,
            "klb": 3859,
            "kub": 3859,
            "Hlb": 4607242568.111757,
            "Hub": 4607267031.43835
        }
    },
    "node_B": {
        "kind": "node",
        "module": "models.sink",
        "class": "Sink",
        "steady_state": true,
        "specifications": {
            "P": 194208.35679256145
        },
        "parameters": {
            "Text": 284.72999999999996,
            "Pext": 194208.35679256145,
            "x": 0.0,
            "y": 0.0,
            "z": 0.0
        },
        "initial_guess": {
            "w": 3859,
            "P": 194208.35679256145,
            "T": 284.72999999999996
        }
    },
    "node_C": {
        "kind": "node",
        "module": "models.source",
        "class": "Source",
        "steady_state": true,
        "specifications": {
            "P": 177000.0
        },
        "parameters": {
            "Text": 300.65677424076216,
            "Pext": 177000.0,
            "x": 0.0,
            "y": 0.0,
            "z": 0.0
        },
        "initial_guess": {
            "w": 3859,
            "P": 177000.0,
            "T": 300.65677424076216
        }
    },
    "pipe_2": {
        "kind": "edge",
        "module": "models.pipe",
        "class": "Pipe",
        "from": "node_C",
        "to": "node_D",
        "domains": {
            "x": {
                "initial": 0.0,
                "final": 1.0,
                "N": 5
            }
        },
        "states": {},
        "parameters": {
            "Di": 0.9914941983496781,
            "L": 50,
            "epw": 5e-06,
            "Kub": 0.0,
            "Klb": 0.0,
            "Npipes": 1,
            "tetha": 0
        },
        "steady_state": true,
        "specifications": {},
        "initial_guess": {
            "D": [
                0.9914941983496781,
                0.9914941983496781,
                0.9914941983496781,
                0.9914941983496781,
                0.9914941983496781
            ],
            "v": [
                5.015967627713622,
                5.015967627713622,
                5.015967627713622,
                5.015967627713622,
                5.015967627713622
            ],
            "fD": [
                0.009224352258504641,
                0.009224352258504641,
                0.009224352258504641,
                0.009224352258504641,
                0.009224352258504641
            ],
            "k": 3859,
            "H": [
                4840329697.345203,
                4840334594.813226,
                4840339492.281248,
                4840344389.7492695,
                4840349287.217292
            ],
            "T": [
                299.91642133370885,
                299.91642133370885,
                299.91642133370885,
                299.91642133370885,
                299.91642133370885
            ],
            "P": [
                177000.0,
                175542.2434986576,
                174084.4869973152,
                172626.73049597282,
                171168.97399463042
            ],
            "dPlb": 0.0,
            "dPub": 0.0,
            "Qout": 0.0,
            "Qtotal": 0.0,
            "klb": 3859,
            "kub": 3859,
            "Hlb": 4840329697.345203,
            "Hub": 4840349287.217292
        }
    },
    "node_D": {
        "kind": "node",
        "module": "models.sink",
        "class": "Sink",
        "steady_state": true,
        "specifications": {
            "w": 3859
        },
        "parameters": {
            "Text": 299.91642133370885,
            "Pext": 171168.97399463042,
            "x": 0.0,
            "y": 0.0,
            "z": 0.0
        },
        "initial_guess": {
            "w": 3859,
            "P": 171168.97399463042,
            "T": 299.91642133370885
        }
    }
}