{
    "node_B": {
        "kind": "node",
        "module": "models.source",
        "class": "Source",
        "steady_state": true,
        "specifications": {
            "w": 16360
        },
        "parameters": {
            "Text": 302.15,
            "Pext": 200000,
            "x": 0.0,
            "y": 0.0,
            "z": 0.0
        },
        "initial_guess": {
            "w": 16360,
            "P": 200000,
            "T": 302.15
        }
    },
    "condenser": {
        "kind": "edge",
        "module": "models.carbfilmed_external_film_cond_tube_arrange",
        "class": "CarbfilmedExternalFilmCondensationTubeArrange",
        "from": "node_B",
        "to": "node_C",
        "domains": {
            "x": {
                "initial": 0.0,
                "final": 1.0,
                "N": 10
            },
            "y": {
                "N": 1
            }
        },
        "states": {
            "stnRegulator": "Closed",
            "stnShellPressure": "Variable",
            "stnFouling": "Dynamic"
        },
        "parameters": {
            "Di": 0.020800000000000003,
            "tetha": 0.0,
            "L": 18.3,
            "epw": 5e-06,
            "Klb": 0.0,
            "Kub": 0.0,
            "Npipes": 25036.0,
            "kwall": 11.8,
            "Do": 0.0222,
            "PextH": 100000,
            "PextSP": -1,
            "Pext0": 12650,
            "Vext": 237.16800000000003,
            "kvap": 459.4214129788918,
            "fNtub": [
                0.5081327481546147
            ],
            "ResF": 0.0,
            "mfi": 0.001,
            "Alc": 300,
            "pH": 10.5,
            "Ca": 49.42
        },
        "steady_state": true,
        "specifications": {},
        "initial_guess": {
            "D": 0.0207992619795268,
            "v": [
                [
                    1.936177351326883
                ],
                [
                    1.936177351326883
                ],
                [
                    1.936177351326883
                ],
                [
                    1.936177351326883
                ],
                [
                    1.936177351326883
                ],
                [
                    1.936177351326883
                ],
                [
                    1.936177351326883
                ],
                [
                    1.936177351326883
                ],
                [
                    1.936177351326883
                ],
                [
                    1.936177351326883
                ]
            ],
            "k": [
                [
                    0.6534590190126218
                ],
                [
                    0.6534590190126218
                ],
                [
                    0.6534590190126218
                ],
                [
                    0.6534590190126218
                ],
                [
                    0.6534590190126218
                ],
                [
                    0.6534590190126218
                ],
                [
                    0.6534590190126218
                ],
                [
                    0.6534590190126218
                ],
                [
                    0.6534590190126218
                ],
                [
                    0.6534590190126218
                ]
            ],
            "T": [
                [
                    302.15
                ],
                [
                    303.9281090191782
                ],
                [
                    305.7062180383564
                ],
                [
                    307.48432705753464
                ],
                [
                    309.26243607671285
                ],
                [
                    311.04054509589105
                ],
                [
                    312.81865411506925
                ],
                [
                    314.5967631342475
                ],
                [
                    316.3748721534257
                ],
                [
                    318.1529811726039
                ]
            ],
            "P": [
                [
                    200000.0
                ],
                [
                    196148.74401098076
                ],
                [
                    192297.48802196156
                ],
                [
                    188446.23203294232
                ],
                [
                    184594.9760439231
                ],
                [
                    180743.72005490388
                ],
                [
                    176892.46406588465
                ],
                [
                    173041.2080768654
                ],
                [
                    169189.9520878462
                ],
                [
                    165338.69609882697
                ]
            ],
            "hint": [
                [
                    9616.658155875642
                ],
                [
                    9616.658155875642
                ],
                [
                    9616.658155875642
                ],
                [
                    9616.658155875642
                ],
                [
                    9616.658155875642
                ],
                [
                    9616.658155875642
                ],
                [
                    9616.658155875642
                ],
                [
                    9616.658155875642
                ],
                [
                    9616.658155875642
                ],
                [
                    9616.658155875642
                ]
            ],
            "hext": [
                [
                    6104.908982060812
                ],
                [
                    6104.908982060812
                ],
                [
                    6104.908982060812
                ],
                [
                    6104.908982060812
                ],
                [
                    6104.908982060812
                ],
                [
                    6104.908982060812
                ],
                [
                    6104.908982060812
                ],
                [
                    6104.908982060812
                ],
                [
                    6104.908982060812
                ],
                [
                    6104.908982060812
                ]
            ],
            "Pext": 12650,
            "Text": 323.4601796164883,
            "Ti": [
                [
                    309.19551872191545
                ],
                [
                    310.3857537480218
                ],
                [
                    311.5759887741281
                ],
                [
                    312.76622380023446
                ],
                [
                    313.9564588263408
                ],
                [
                    315.1466938524471
                ],
                [
                    316.3369288785534
                ],
                [
                    317.52716390465974
                ],
                [
                    318.7173989307661
                ],
                [
                    319.9076339568724
                ]
            ],